year,tournament_id,tier,champion_name,champion_ids,champion_real_count,champion_ovr_avg,classification,main_draw_size,simulated_entrants,incomplete
2026,tournament-2026-lax-sil-w06-1,Silver,"Arturo Coello & Agustín Tapia",real_arturo_coello|real_agustin_tapia,2,96,100%_reais,16,32,false
2026,tournament-2026-mad-gol-w08-1,Gold,"Arturo Coello & Agustín Tapia",real_arturo_coello|real_agustin_tapia,2,96,100%_reais,32,32,false
2026,tournament-2026-riy-sil-w10-1,Silver,"Arturo Coello & Agustín Tapia",real_arturo_coello|real_agustin_tapia,2,96,100%_reais,16,32,false
2026,tournament-2026-cun-pla-w10-2,Platinum,"Arturo Coello & Agustín Tapia",real_arturo_coello|real_agustin_tapia,2,96,100%_reais,32,32,false
2026,tournament-2026-ist-mas-w12-1,Masters,"Alejandro Galán & Federico Chingotto",real_alejandro_galan|real_federico_chingotto,2,94,100%_reais,64,32,true
2026,tournament-2026-cai-gol-w14-1,Gold,"Arturo Coello & Agustín Tapia",real_arturo_coello|real_agustin_tapia,2,96,100%_reais,32,32,false
2026,tournament-2026-sto-sil-w16-1,Silver,"Alejandro Galán & Federico Chingotto",real_alejandro_galan|real_federico_chingotto,2,94,100%_reais,16,32,false
2026,tournament-2026-tok-eli-w16-2,Elite,"Arturo Coello & Agustín Tapia",real_arturo_coello|real_agustin_tapia,2,96,100%_reais,64,32,true
2026,tournament-2026-cor-cro-w18-1,Crown,"Arturo Coello & Agustín Tapia",real_arturo_coello|real_agustin_tapia,2,96,100%_reais,64,32,true
2026,tournament-2026-san-pla-w20-1,Platinum,"Alejandro Galán & Federico Chingotto",real_alejandro_galan|real_federico_chingotto,2,94,100%_reais,32,32,false
2026,tournament-2026-sto-gol-w22-1,Gold,"Íñigo Jofre & Miguel Yanguas",real_inigo_jofre|real_miguel_yanguas,2,86.5,100%_reais,32,32,false
2026,tournament-2026-cph-mas-w22-2,Masters,"Alejandro Galán & Federico Chingotto",real_alejandro_galan|real_federico_chingotto,2,94.5,100%_reais,64,32,true
2026,tournament-2026-ams-sil-w24-1,Silver,"Arturo Coello & Agustín Tapia",real_arturo_coello|real_agustin_tapia,2,96.5,100%_reais,16,32,false
2026,tournament-2026-mon-eli-w26-1,Elite,"Alejandro Galán & Federico Chingotto",real_alejandro_galan|real_federico_chingotto,2,94.5,100%_reais,64,32,true
2026,tournament-2026-cor-pla-w28-1,Platinum,"Arturo Coello & Agustín Tapia",real_arturo_coello|real_agustin_tapia,2,96.5,100%_reais,32,32,false
2026,tournament-2026-bkk-cro-w28-2,Crown,"Arturo Coello & Agustín Tapia",real_arturo_coello|real_agustin_tapia,2,96.5,100%_reais,64,32,true
2026,tournament-2026-seo-gol-w30-1,Gold,"Alejandro Galán & Federico Chingotto",real_alejandro_galan|real_federico_chingotto,2,94.5,100%_reais,32,32,false
2026,tournament-2026-mum-mas-w32-1,Masters,"Arturo Coello & Agustín Tapia",real_arturo_coello|real_agustin_tapia,2,96.5,100%_reais,64,32,true
2026,tournament-2026-pra-sil-w34-1,Silver,"Alejandro Galán & Federico Chingotto",real_alejandro_galan|real_federico_chingotto,2,95,100%_reais,16,32,false
2026,tournament-2026-sha-eli-w34-2,Elite,"Alejandro Galán & Federico Chingotto",real_alejandro_galan|real_federico_chingotto,2,95,100%_reais,64,32,true
2026,tournament-2026-cph-pla-w36-1,Platinum,"Arturo Coello & Agustín Tapia",real_arturo_coello|real_agustin_tapia,2,96.5,100%_reais,32,32,false
2026,tournament-2026-seo-gol-w38-1,Gold,"Arturo Coello & Agustín Tapia",real_arturo_coello|real_agustin_tapia,2,96.5,100%_reais,32,32,false
2026,tournament-2026-doh-mas-w38-2,Masters,"Arturo Coello & Agustín Tapia",real_arturo_coello|real_agustin_tapia,2,96.5,100%_reais,64,32,true
2026,tournament-2026-vie-cro-w40-1,Crown,"Arturo Coello & Agustín Tapia",real_arturo_coello|real_agustin_tapia,2,96.5,100%_reais,64,32,true
2026,tournament-2026-sin-sil-w42-1,Silver,"Arturo Coello & Agustín Tapia",real_arturo_coello|real_agustin_tapia,2,96.5,100%_reais,16,32,false
2026,tournament-2026-mel-eli-w44-1,Elite,"Arturo Coello & Agustín Tapia",real_arturo_coello|real_agustin_tapia,2,96.5,100%_reais,64,32,true
2026,tournament-2026-sto-gol-w46-1,Gold,"Arturo Coello & Agustín Tapia",real_arturo_coello|real_agustin_tapia,2,96.5,100%_reais,32,32,false
2026,tournament-2026-lon-pla-w46-2,Platinum,"Alejandro Galán & Federico Chingotto",real_alejandro_galan|real_federico_chingotto,2,95,100%_reais,32,32,false
2026,tournament-2026-lax-mas-w48-1,Masters,"Alejandro Galán & Federico Chingotto",real_alejandro_galan|real_federico_chingotto,2,95,100%_reais,64,32,true
2026,tournament-2026-mil-sil-w50-1,Silver,"Franco Stupaczuk & Pablo López",real_franco_stupaczuk|athleteprofile-1767226725915-wa4y8y,1,87,mista,16,32,false
2026,tournament-2026-mum-pla-w52-1,Platinum,"Alejandro Galán & Federico Chingotto",real_alejandro_galan|real_federico_chingotto,2,95,100%_reais,32,32,false
2026,tournament-2026-doh-cro-w52-2,Crown,"Arturo Coello & Agustín Tapia",real_arturo_coello|real_agustin_tapia,2,96.5,100%_reais,64,32,true